description,price,sold
"Notebook, A5, dotted pages",7.84,1
"Board game, family strategy",40.97,0
"Wall clock, oak frame",47.34,0
Herb garden kit,19.87,1
Herb garden kit,19.8,0
"Wrapping paper, 3 rolls",8.48,1
"Notebook, A5, dotted pages",8.21,1
"Table lamp, linen shade",43.64,1
"Glass storage jar, 1 litre",10.35,1
"Notebook, A5, dotted pages",7.71,1
Cast iron trivet,14.21,1
"Oven gloves, pair",14.16,1
"Jigsaw puzzle, 1000 pieces",18.39,1
"Board game, family strategy",32.96,0
"Cookbook, Mediterranean kitchen",30.97,1
"Silk scarf, floral print",35.9,0
"Stainless steel water bottle, 750 ml",21.42,1
"Bamboo coaster, set of 4",8.51,1
"Greeting card set, 6 cards",7.52,1
Brass candle holder,21.32,0
"Stainless steel water bottle, 750 ml",19.85,1
"Rattan basket, medium",26.98,1
"Linen napkins, set of 4",16.02,1
"Apron, striped canvas",19.42,0
"Silk scarf, floral print",42.06,0
"Picnic blanket, waterproof backing",40.56,0
"Copper watering can, 1.5 litre",32.99,0
Leather keyring,9.91,1
Cast iron trivet,17.69,0
Herb garden kit,23.76,0
Brass candle holder,21.49,1
"Wooden chopping board, small",14.92,0
"Notebook, A5, dotted pages",6.91,1
Glass carafe with lid,24.51,0
"Reed diffuser, orange blossom",22.37,0
"Handmade soap bar, lavender",5.07,1
"Wrapping paper, 3 rolls",6.83,1
"Greeting card set, 6 cards",8.18,1
Stoneware dinner plate,12.59,1
"Picnic blanket, waterproof backing",36.89,0
"Scented candle, fig and cedar",16.39,1
"Board game, family strategy",31.94,0
"Cookbook, Mediterranean kitchen",31.0,0
"Rattan basket, medium",26.3,0
"Handmade soap bar, lavender",5.74,1
"Mortar and pestle, granite",31.94,0
Herb garden kit,24.59,1
"Reed diffuser, orange blossom",23.88,1
"Table lamp, linen shade",53.65,0
"Silk scarf, floral print",41.61,0
"Board game, family strategy",39.99,0
"Linen napkins, set of 4",16.47,1
"Rattan basket, medium",30.22,1
Brass candle holder,25.01,1
"Framed print, A4, Valletta harbour",35.43,0
"Cotton tea towel, set of 2",6.82,1
Cast iron trivet,15.35,1
"Scented candle, fig and cedar",15.52,1
"Jigsaw puzzle, 1000 pieces",18.13,1
"Table lamp, linen shade",44.15,1
"Bath towel, organic cotton",24.34,1
"Jigsaw puzzle, 1000 pieces",19.01,1
"Rattan basket, medium",27.5,1
"Mortar and pestle, granite",27.37,1
"Copper watering can, 1.5 litre",33.5,0
"Cushion cover, 45 x 45 cm",16.97,0
"Bath towel, organic cotton",23.61,0
"Rattan basket, medium",31.57,0
"Notebook, A5, dotted pages",7.04,1
Brass candle holder,28.25,0
"Silk scarf, floral print",44.88,0
"Linen napkins, set of 4",18.39,1
Brass candle holder,23.62,1
"Bamboo coaster, set of 4",9.6,1
"Table lamp, linen shade",54.68,0
"Framed print, A4, Valletta harbour",33.46,0
"Cushion cover, 45 x 45 cm",19.53,1
"Wooden chopping board, small",16.66,1
Glass carafe with lid,27.56,1
"Wall clock, oak frame",44.95,0
"Apron, striped canvas",20.23,1
Herb garden kit,19.58,1
"Scented candle, fig and cedar",15.77,1
"Greeting card set, 6 cards",9.42,1
"Picnic blanket, waterproof backing",37.28,0
"Cookbook, Mediterranean kitchen",28.44,0
"Notebook, A5, dotted pages",6.59,1
"Wool throw blanket, grey",48.05,1
"Board game, family strategy",32.3,0
"Greeting card set, 6 cards",9.61,1
Herb garden kit,19.16,1
Leather keyring,11.26,1
"Greeting card set, 6 cards",9.27,1
"Terracotta plant pot, 20 cm",13.88,1
"Reed diffuser, orange blossom",23.76,1
Stoneware dinner plate,13.61,0
"Wooden chopping board, small",18.71,1
"Table lamp, linen shade",45.84,0
"Picnic blanket, waterproof backing",43.03,0
"Bamboo coaster, set of 4",8.35,0
"Greeting card set, 6 cards",8.8,1
"Linen napkins, set of 4",16.68,1
Leather keyring,10.09,0
"Beeswax candle, unscented",5.62,0
"Silk scarf, floral print",39.49,0
"Silk scarf, floral print",40.17,0
"Silk scarf, floral print",43.06,0
"Wall clock, oak frame",52.31,0
Brass candle holder,24.84,1
"Cookbook, Mediterranean kitchen",28.32,0
Stoneware dinner plate,14.12,1
"Silk scarf, floral print",35.35,0
Glass carafe with lid,23.46,0
Brass candle holder,21.82,1
"Stainless steel water bottle, 750 ml",23.98,1
Glass carafe with lid,25.85,1
"Cotton tea towel, set of 2",7.47,1
"Bamboo coaster, set of 4",9.99,1
"Wooden chopping board, small",15.68,1
"Ceramic coffee mug, 350 ml",9.96,1
Herb garden kit,23.19,0
"Wall clock, oak frame",44.7,0
"Wall clock, oak frame",46.04,1
Brass candle holder,23.51,1
"Wrapping paper, 3 rolls",7.09,1
Glass carafe with lid,23.7,0
"Notebook, A5, dotted pages",8.48,1
"Board game, family strategy",36.21,0
Glass carafe with lid,25.57,1
"Picnic blanket, waterproof backing",44.79,0
Glass carafe with lid,26.92,0
Glass carafe with lid,29.97,0
"Notebook, A5, dotted pages",8.13,0
Glass carafe with lid,26.34,0
"Silk scarf, floral print",38.42,0
"Wool throw blanket, grey",51.57,0
"Ceramic teapot, 1 litre",41.02,0
"Cotton tea towel, set of 2",7.83,1
"Cushion cover, 45 x 45 cm",15.85,1
Herb garden kit,23.76,0
"Oven gloves, pair",13.43,1
"Glass storage jar, 1 litre",10.55,0
Stoneware dinner plate,12.83,1
"Copper watering can, 1.5 litre",36.85,0
"Oven gloves, pair",11.01,1
"Wrapping paper, 3 rolls",7.79,1
"Cotton tea towel, set of 2",7.57,1
"Wooden chopping board, small",15.49,1
Leather keyring,9.78,1
"Handmade soap bar, lavender",5.11,1
"Wrapping paper, 3 rolls",7.43,1
Stoneware dinner plate,14.07,1
"Bath towel, organic cotton",26.57,0
Stoneware dinner plate,11.04,1
Herb garden kit,24.71,0
"Wall clock, oak frame",53.46,0
"Bamboo coaster, set of 4",8.88,1
Glass carafe with lid,29.18,0
"Stainless steel water bottle, 750 ml",20.2,1
"Silk scarf, floral print",45.87,0
"Oven gloves, pair",13.54,1
"Wall clock, oak frame",50.16,0
"Copper watering can, 1.5 litre",30.61,1
"Copper watering can, 1.5 litre",39.06,1
"Copper watering can, 1.5 litre",29.97,1
Leather keyring,9.13,0
"Wool throw blanket, grey",40.18,0
"Scented candle, fig and cedar",16.14,1
"Cushion cover, 45 x 45 cm",16.28,1
"Beeswax candle, unscented",6.18,1
"Ceramic coffee mug, 350 ml",9.32,1
"Notebook, A5, dotted pages",6.46,1
"Board game, family strategy",31.43,0
"Cookbook, Mediterranean kitchen",23.8,0
"Table lamp, linen shade",51.07,0
Brass candle holder,27.15,0
"Cookbook, Mediterranean kitchen",25.34,0
"Scented candle, fig and cedar",16.46,0
"Bath towel, organic cotton",21.25,1
"Stainless steel water bottle, 750 ml",24.97,0
"Apron, striped canvas",21.33,1
"Scented candle, fig and cedar",16.12,1
"Framed print, A4, Valletta harbour",33.9,0
"Table lamp, linen shade",54.52,0
"Framed print, A4, Valletta harbour",27.59,1
Herb garden kit,19.58,1
"Scented candle, fig and cedar",13.22,0
"Terracotta plant pot, 20 cm",13.52,1
"Wooden chopping board, small",17.71,0
"Wool throw blanket, grey",46.76,0
"Table lamp, linen shade",54.71,0
"Picnic blanket, waterproof backing",37.57,1
"Ceramic teapot, 1 litre",41.21,0
"Rattan basket, medium",27.15,0
"Mortar and pestle, granite",26.54,0
"Notebook, A5, dotted pages",7.97,1
"Cushion cover, 45 x 45 cm",20.48,0
"Ceramic coffee mug, 350 ml",9.2,1
"Cushion cover, 45 x 45 cm",15.51,0
"Mortar and pestle, granite",29.49,0
"Rattan basket, medium",25.79,1
"Bath towel, organic cotton",27.32,0
"Framed print, A4, Valletta harbour",34.01,0
"Table lamp, linen shade",44.65,0
Brass candle holder,21.85,0
"Enamel pie dish, 24 cm",18.01,0
"Board game, family strategy",42.21,0
"Mortar and pestle, granite",28.15,0
"Enamel pie dish, 24 cm",21.6,1
"Silk scarf, floral print",41.53,0
"Enamel pie dish, 24 cm",20.33,1
"Cookbook, Mediterranean kitchen",24.57,1
"Silk scarf, floral print",45.24,0
Herb garden kit,20.22,1
"Jigsaw puzzle, 1000 pieces",19.96,0
"Enamel pie dish, 24 cm",21.09,1
"Notebook, A5, dotted pages",7.84,0
"Notebook, A5, dotted pages",8.49,1
Herb garden kit,19.23,1
"Bath towel, organic cotton",24.56,1
"Bamboo coaster, set of 4",9.23,1
Brass candle holder,24.71,1
"Cookbook, Mediterranean kitchen",24.36,1
"Glass storage jar, 1 litre",10.59,0
"Cookbook, Mediterranean kitchen",25.67,0
"Wool throw blanket, grey",42.36,0
Leather keyring,9.69,1
Olive wood salad servers,24.7,1
Cast iron trivet,16.54,1
"Linen napkins, set of 4",18.01,1
Brass candle holder,24.22,0
"Wrapping paper, 3 rolls",7.23,1
"Beeswax candle, unscented",5.65,1
"Board game, family strategy",34.87,0
"Framed print, A4, Valletta harbour",27.55,0
"Cookbook, Mediterranean kitchen",26.83,1
"Wall clock, oak frame",47.63,0
Herb garden kit,19.73,1
"Wool throw blanket, grey",45.98,0
"Picnic blanket, waterproof backing",42.73,0
"Bamboo coaster, set of 4",10.08,1
Olive wood salad servers,24.96,0
"Notebook, A5, dotted pages",7.84,1
"Picnic blanket, waterproof backing",39.59,0
"Picnic blanket, waterproof backing",45.51,1
"Notebook, A5, dotted pages",7.61,1
"Board game, family strategy",36.14,0
"Copper watering can, 1.5 litre",36.22,0
"Silk scarf, floral print",38.23,1
"Cotton tea towel, set of 2",6.93,1
"Linen napkins, set of 4",19.81,1
"Framed print, A4, Valletta harbour",35.71,0
"Linen napkins, set of 4",20.84,1
"Cushion cover, 45 x 45 cm",17.92,1
"Wall clock, oak frame",48.29,0
"Bamboo coaster, set of 4",10.35,1
"Table lamp, linen shade",46.74,0
"Ceramic coffee mug, 350 ml",9.8,1
"Linen napkins, set of 4",18.47,0
Olive wood salad servers,21.15,1
"Silk scarf, floral print",34.78,0
"Scented candle, fig and cedar",16.43,1
Stoneware dinner plate,10.83,1
"Apron, striped canvas",17.66,0
"Oven gloves, pair",12.26,1
Olive wood salad servers,21.56,1
Herb garden kit,20.3,0
"Cushion cover, 45 x 45 cm",19.2,0
"Ceramic teapot, 1 litre",32.89,0
Olive wood salad servers,26.25,0
Stoneware dinner plate,13.84,0
"Beeswax candle, unscented",5.29,1
"Scented candle, fig and cedar",13.35,0
"Mortar and pestle, granite",29.36,0
"Copper watering can, 1.5 litre",30.92,0
"Framed print, A4, Valletta harbour",30.7,0
Brass candle holder,28.32,1
"Silk scarf, floral print",45.83,0
"Handmade soap bar, lavender",5.62,1
"Notebook, A5, dotted pages",7.07,1
Stoneware dinner plate,13.2,1
"Framed print, A4, Valletta harbour",33.97,0
"Wall clock, oak frame",46.38,0
"Framed print, A4, Valletta harbour",33.35,1
Herb garden kit,18.34,1
"Apron, striped canvas",17.25,1
"Scented candle, fig and cedar",15.01,1
Glass carafe with lid,23.83,1
Cast iron trivet,14.31,1
Brass candle holder,27.41,0
Leather keyring,11.35,1
"Enamel pie dish, 24 cm",20.23,0
"Mortar and pestle, granite",31.4,0
"Cushion cover, 45 x 45 cm",20.53,0
Cast iron trivet,14.19,1
"Stainless steel water bottle, 750 ml",22.54,1
"Greeting card set, 6 cards",8.23,1
Herb garden kit,18.79,0
Stoneware dinner plate,13.46,0
"Beeswax candle, unscented",5.39,1
"Rattan basket, medium",29.62,1
"Greeting card set, 6 cards",7.61,1
"Beeswax candle, unscented",4.97,1
"Reed diffuser, orange blossom",24.57,1
Cast iron trivet,13.73,1
"Bamboo coaster, set of 4",8.74,1
"Wool throw blanket, grey",42.19,1
Glass carafe with lid,26.42,0
"Wool throw blanket, grey",46.17,0
"Ceramic coffee mug, 350 ml",8.88,1
"Wall clock, oak frame",42.01,1
"Wall clock, oak frame",44.31,0
"Ceramic coffee mug, 350 ml",9.82,1
Stoneware dinner plate,13.02,1
"Wooden chopping board, small",17.24,1
"Wall clock, oak frame",50.45,1
"Jigsaw puzzle, 1000 pieces",21.04,1
"Jigsaw puzzle, 1000 pieces",16.91,1
"Apron, striped canvas",18.14,1
"Board game, family strategy",37.34,0
"Wool throw blanket, grey",42.82,0
"Ceramic coffee mug, 350 ml",9.82,1
"Ceramic teapot, 1 litre",38.3,0
"Bath towel, organic cotton",26.47,1
"Oven gloves, pair",14.26,0
"Wooden chopping board, small",16.52,1
"Wooden chopping board, small",18.53,1
"Cotton tea towel, set of 2",7.08,1
"Bamboo coaster, set of 4",10.5,1
Glass carafe with lid,25.23,0
Cast iron trivet,15.89,1
"Rattan basket, medium",30.18,1
"Wool throw blanket, grey",39.67,1
"Greeting card set, 6 cards",8.24,1
Brass candle holder,28.02,1
Leather keyring,10.29,1
"Mortar and pestle, granite",25.74,1
"Wool throw blanket, grey",42.82,0
"Glass storage jar, 1 litre",10.8,1
"Mortar and pestle, granite",24.44,1
"Picnic blanket, waterproof backing",47.27,0
Stoneware dinner plate,12.31,1
"Ceramic teapot, 1 litre",36.28,0
"Stainless steel water bottle, 750 ml",23.58,1
"Bath towel, organic cotton",20.88,1
"Enamel pie dish, 24 cm",18.57,1
"Oven gloves, pair",13.69,1
"Apron, striped canvas",19.66,0
"Linen napkins, set of 4",21.17,0
"Scented candle, fig and cedar",15.44,1
Cast iron trivet,15.79,1
"Cotton tea towel, set of 2",7.44,1
Stoneware dinner plate,14.01,0
Herb garden kit,22.92,0
"Mortar and pestle, granite",32.46,0
"Oven gloves, pair",13.99,1
"Scented candle, fig and cedar",16.54,1
"Reed diffuser, orange blossom",19.36,1
"Notebook, A5, dotted pages",8.02,0
"Jigsaw puzzle, 1000 pieces",19.15,1
"Greeting card set, 6 cards",8.64,1
"Reed diffuser, orange blossom",22.91,1
"Glass storage jar, 1 litre",13.58,1
"Reed diffuser, orange blossom",25.08,1
"Ceramic coffee mug, 350 ml",8.33,0
"Stainless steel water bottle, 750 ml",24.51,1
Brass candle holder,26.77,0
"Wool throw blanket, grey",42.93,0
"Beeswax candle, unscented",4.88,1
"Board game, family strategy",31.82,1
"Cushion cover, 45 x 45 cm",19.39,0
"Wall clock, oak frame",47.85,0
"Copper watering can, 1.5 litre",39.98,0
"Rattan basket, medium",29.59,0
"Reed diffuser, orange blossom",25.04,0
"Notebook, A5, dotted pages",7.3,1
"Jigsaw puzzle, 1000 pieces",21.22,1
"Jigsaw puzzle, 1000 pieces",17.07,1
"Terracotta plant pot, 20 cm",13.72,1
"Enamel pie dish, 24 cm",21.7,0
"Beeswax candle, unscented",6.2,0
"Apron, striped canvas",20.73,1
"Apron, striped canvas",16.27,1
"Wooden chopping board, small",15.87,1
"Cotton tea towel, set of 2",5.97,0
"Ceramic coffee mug, 350 ml",7.86,1
"Handmade soap bar, lavender",5.47,1
"Greeting card set, 6 cards",9.04,1
"Reed diffuser, orange blossom",23.7,1
"Scented candle, fig and cedar",16.53,1
"Jigsaw puzzle, 1000 pieces",20.9,1
"Linen napkins, set of 4",20.17,0
"Rattan basket, medium",25.85,1
Olive wood salad servers,22.0,0
"Cookbook, Mediterranean kitchen",28.51,0
"Wrapping paper, 3 rolls",8.75,1
"Cotton tea towel, set of 2",5.87,1
"Linen napkins, set of 4",18.58,0
Stoneware dinner plate,13.16,1
"Wool throw blanket, grey",38.65,1
"Oven gloves, pair",12.52,1
"Silk scarf, floral print",44.64,0
"Wool throw blanket, grey",47.32,0
"Mortar and pestle, granite",26.26,0
"Framed print, A4, Valletta harbour",35.39,0
"Stainless steel water bottle, 750 ml",21.86,1
Herb garden kit,23.78,1
"Bamboo coaster, set of 4",8.93,1
"Apron, striped canvas",19.41,1
"Beeswax candle, unscented",5.33,1
"Scented candle, fig and cedar",13.89,1
"Wooden chopping board, small",18.41,1
Stoneware dinner plate,11.33,1
"Bamboo coaster, set of 4",8.32,1
"Beeswax candle, unscented",5.24,1
"Table lamp, linen shade",52.73,0
"Mortar and pestle, granite",31.13,1
"Ceramic coffee mug, 350 ml",10.23,1
Stoneware dinner plate,11.74,1
"Stainless steel water bottle, 750 ml",22.27,1
"Apron, striped canvas",16.84,1
"Table lamp, linen shade",50.61,0
"Board game, family strategy",42.41,0
Olive wood salad servers,25.34,1
"Copper watering can, 1.5 litre",35.9,0
"Linen napkins, set of 4",17.9,0
"Wrapping paper, 3 rolls",8.88,1
Leather keyring,9.89,1
"Cotton tea towel, set of 2",6.14,1
"Cookbook, Mediterranean kitchen",26.39,0
"Notebook, A5, dotted pages",6.53,1
"Jigsaw puzzle, 1000 pieces",17.76,1
"Greeting card set, 6 cards",7.27,1
"Bamboo coaster, set of 4",9.37,1
Herb garden kit,22.37,1
"Ceramic coffee mug, 350 ml",8.48,1
Glass carafe with lid,25.87,0
"Apron, striped canvas",21.5,0
"Notebook, A5, dotted pages",8.07,1
"Terracotta plant pot, 20 cm",13.67,1
"Mortar and pestle, granite",26.66,0
"Wool throw blanket, grey",50.36,0
"Bamboo coaster, set of 4",8.75,1
"Framed print, A4, Valletta harbour",30.32,1
"Stainless steel water bottle, 750 ml",25.71,1
"Wall clock, oak frame",48.43,0
"Wool throw blanket, grey",48.27,0
"Mortar and pestle, granite",29.28,1
"Stainless steel water bottle, 750 ml",23.95,1
Stoneware dinner plate,11.75,1
"Mortar and pestle, granite",26.29,1
"Bath towel, organic cotton",23.2,1
"Framed print, A4, Valletta harbour",28.69,1
"Beeswax candle, unscented",6.12,1
Olive wood salad servers,22.35,1
Glass carafe with lid,26.99,0
"Bamboo coaster, set of 4",10.33,1
"Picnic blanket, waterproof backing",45.47,0
"Greeting card set, 6 cards",8.34,1
"Ceramic coffee mug, 350 ml",8.84,1
"Cookbook, Mediterranean kitchen",31.58,1
"Bamboo coaster, set of 4",10.0,1
"Jigsaw puzzle, 1000 pieces",21.34,1
"Copper watering can, 1.5 litre",39.11,0
"Beeswax candle, unscented",5.97,1
"Mortar and pestle, granite",25.81,0
"Scented candle, fig and cedar",15.18,1
Olive wood salad servers,21.05,1
"Linen napkins, set of 4",19.35,0
"Apron, striped canvas",21.48,1
"Jigsaw puzzle, 1000 pieces",19.57,1
Leather keyring,9.7,1
Herb garden kit,18.51,0
Brass candle holder,28.33,1
"Picnic blanket, waterproof backing",36.91,0
"Silk scarf, floral print",34.41,1
"Greeting card set, 6 cards",7.85,1
"Beeswax candle, unscented",4.78,1
"Wall clock, oak frame",47.35,0
"Ceramic coffee mug, 350 ml",8.94,1
Stoneware dinner plate,11.8,1
"Greeting card set, 6 cards",7.35,1
"Enamel pie dish, 24 cm",17.58,1
"Silk scarf, floral print",38.52,0
Brass candle holder,21.62,1
"Wooden chopping board, small",17.48,1
"Cushion cover, 45 x 45 cm",16.33,1
Cast iron trivet,14.96,1
"Board game, family strategy",35.73,0
"Ceramic teapot, 1 litre",37.54,0
"Apron, striped canvas",16.07,0
"Wrapping paper, 3 rolls",6.98,1
"Board game, family strategy",40.92,0
"Ceramic teapot, 1 litre",32.74,0
Stoneware dinner plate,12.53,1
"Copper watering can, 1.5 litre",34.79,0
"Ceramic coffee mug, 350 ml",8.45,1
"Rattan basket, medium",29.28,0
"Apron, striped canvas",20.49,0
Herb garden kit,23.7,0
